experiment,input_bits,output_bits,boundary_reg,overlap,m,n,k,macs,load_cycles,tail_cycles,output_beats,total_cycles,time_us_at_100mhz
exp01_ingress8,8,32,0,1,16,16,256,65536,8192,34,256,8482,84.82
exp02_ingress16,16,32,0,1,16,16,256,65536,4096,34,256,4386,43.86
exp03_ingress32,32,32,0,1,16,16,256,65536,2048,34,256,2338,23.38
exp04_ingress64,64,32,0,1,16,16,256,65536,1024,34,256,1314,13.14
exp05_ingress128,128,32,0,1,16,16,256,65536,512,34,256,802,8.02
exp06_no_overlap64,64,32,0,0,16,16,256,65536,1024,289,256,1569,15.69
exp07_no_overlap128,128,32,0,0,16,16,256,65536,512,289,256,1057,10.57
exp08_no_overlap32,32,32,0,0,16,16,256,65536,2048,289,256,2593,25.93
exp09_boundary64,64,32,1,1,16,16,256,65536,1024,35,256,1315,13.15
exp10_boundary128,128,32,1,1,16,16,256,65536,512,35,256,803,8.03
exp11_boundary32,32,32,1,1,16,16,256,65536,2048,35,256,2339,23.39
exp12_output64,64,64,1,1,16,16,256,65536,1024,35,128,1187,11.87
exp13_output128,64,128,1,1,16,16,256,65536,1024,35,64,1123,11.23
exp14_output256,64,256,1,1,16,16,256,65536,1024,35,32,1091,10.91
exp15_output512,64,512,1,1,16,16,256,65536,1024,35,16,1075,10.75
exp16_in128_out64,128,64,1,1,16,16,256,65536,512,35,128,675,6.75
exp17_in128_out128,128,128,1,1,16,16,256,65536,512,35,64,611,6.11
exp18_in128_out256,128,256,1,1,16,16,256,65536,512,35,32,579,5.79
exp19_distributed_a,64,128,1,1,16,16,256,65536,1024,35,64,1123,11.23
exp20_dsp128,64,128,1,1,16,16,256,65536,1024,35,64,1123,11.23
exp21_dsp220,64,128,1,1,16,16,256,65536,1024,35,64,1123,11.23
